Столбец 1,Столбец 2,Столбец 3,Столбец 4,Столбец 5,Столбец 6,Столбец 7,Столбец 8,Столбец 9,Столбец 10,Столбец 11,Столбец 12,Столбец 13,
id,type,category,product_category,brand,flavor,description,strength,vibes,in_stock,media_url,price_rent,price_sale,city
301,Магазин,Для себя,Табаки,Death Punch,Красная Черешня,Спелая сладкая красная черешня,3,ягоды,TRUE,,,,
302,Магазин,Для себя,Табаки,Death Punch,Pinkkick,Клубника малина грейпфрут,3,ягоды,TRUE,,,,
303,Магазин,Для себя,Табаки,Death Punch,Пюре из киви,Киви,3,тропики,TRUE,,,,
304,Магазин,Для себя,Табаки,Death Punch,Фруктовый лёд,Ягодно-фруктовый лед,3,холод,TRUE,,,,
305,Магазин,Для себя,Табаки,Death Punch,Кисло-сладкий ананас,Сочный ананас,3,кислый,TRUE,,,,
306,Магазин,Для себя,Табаки,Death Punch,Ананас Груша Яблоко,Фруктовый микс,3,фрукты,TRUE,,,,
307,Магазин,Для себя,Табаки,Death Punch,Лесные ягоды с мякотью арбуза,Ягоды и арбуз,3,летний,TRUE,,,,
308,Магазин,Для себя,Табаки,Death Punch,Земляника княженика малина,Ягодный микс,3,ягоды,TRUE,,,,
309,Магазин,Для себя,Табаки,Death Punch,Киви и клубника,Кисло-сладкий микс,3,фрукты,TRUE,,,,
310,Магазин,Для себя,Табаки,Death Punch,Сладкий апельсин,Сочный апельсин,3,сладкий,TRUE,,,,
311,Магазин,Для себя,Табаки,Death Punch,Арбуз Дыня,Летний микс,3,летний,TRUE,,,,
312,Магазин,Для себя,Табаки,Death Punch,Виноградная шипучка,Газировка с виноградом,3,напитки,TRUE,,,,
313,Магазин,Для себя,Табаки,Death Punch,Садовая малина,Сладкая малина,3,ягоды,TRUE,,,,
314,Магазин,Для себя,Табаки,Death Punch,Маракуйя,Кисло-сладкая маракуйя,3,тропики,TRUE,,,,
101,Магазин,Для себя,Табаки,Hell,Бэри Джус,Ягодный сок,3,сладкий,TRUE,,,,
102,Магазин,Для себя,Табаки,Hell,Кисло-сладкий ананас,Сочный ананас,3,кислый,FALSE,,,,
103,Магазин,Для себя,Табаки,Hell,Малина,Спелая малина,3,ягоды,TRUE,,,,
104,Магазин,Для себя,Табаки,Hell,Лимонная шипучка,Освежающий лимон,3,кислый,TRUE,,,,
105,Магазин,Для себя,Табаки,Hell,Пюре из манго,Сладкое манго,3,тропики,TRUE,,,,
106,Магазин,Для себя,Табаки,Hell,Черника мята,Ягоды с мятой,3,свежесть,TRUE,,,,
107,Магазин,Для себя,Табаки,Hell,Земляника,Сладкая земляника,3,ягоды,TRUE,,,,
108,Магазин,Для себя,Табаки,Hell,Киви смузи,Смузи из киви,3,тропики,TRUE,,,,
109,Магазин,Для себя,Табаки,Hell,Orbeat Kids,Детская жвачка,3,сладкий,TRUE,,,,
110,Магазин,Для себя,Табаки,Hell,Skittles,Фруктовые конфеты,3,сладкий,TRUE,images/catalog/110.png,,,
111,Магазин,Для себя,Табаки,Hell,Розовый виноград,Сладкий виноград,3,фрукты,TRUE,,,,
112,Магазин,Для себя,Табаки,Hell,Грейпфрут,Терпкий грейпфрут,3,кислый,TRUE,,,,
113,Магазин,Для себя,Табаки,Hell,Манго Маракуйя Ананас,Тропический микс,3,тропики,TRUE,,,,
114,Магазин,Для себя,Табаки,Hell,Огуречный лимонад с маракуей,Свежий лимонад,3,свежесть,TRUE,,,,
115,Магазин,Для себя,Табаки,Hell,Fruit Zilla,Фруктовый монстр,3,фрукты,TRUE,,,,
116,Магазин,Для себя,Табаки,Hell,Апельсиновая шипучка,Цитрусовый лимонад,3,кислый,TRUE,,,,
117,Магазин,Для себя,Табаки,Hell,Ягодные мишки,Мармеладные мишки,3,сладкий,TRUE,images/catalog/117.png,,,
118,Магазин,Для себя,Табаки,Hell,Фисташковое мороженое,Десерт с фисташкой,3,десерты,TRUE,,,,
119,Магазин,Для себя,Табаки,Hell,Маракуйя,Спелая маракуйя,3,тропики,TRUE,,,,
120,Магазин,Для себя,Табаки,Hell,Миринда,Апельсиновая газировка,3,напитки,TRUE,,,,
121,Магазин,Для себя,Табаки,Hell,Тропический йогурт,Сливочный тропик,3,десерты,TRUE,images/catalog/121.png,,,
122,Магазин,Для себя,Табаки,Hell,Барбарис,Леденцы барбарис,3,сладкий,TRUE,images/catalog/122.png,,,
123,Магазин,Для себя,Табаки,Hell,Барбарис дюшес холодок,Леденцы с холодком,3,свежесть,TRUE,,,,
124,Магазин,Для себя,Табаки,Hell,Нирвана,Цветочный релакс,3,цветы,TRUE,,,,
125,Магазин,Для себя,Табаки,Hell,Черника малина йогурт,Ягодный йогурт,3,десерты,TRUE,,,,
126,Магазин,Для себя,Табаки,Hell,Спелая садовая клубника,Садовая клубника,3,ягоды,TRUE,,,,
127,Магазин,Для себя,Табаки,Hell,Лесные ягоды,Микс лесных ягод,3,ягоды,TRUE,,,,
128,Магазин,Для себя,Табаки,Hell,Яблоко,Зеленое яблоко,3,фрукты,TRUE,,,,
129,Магазин,Для себя,Табаки,Hell,Клубника карамель ваниль,Сладкий десерт,3,десерты,TRUE,,,,
130,Магазин,Для себя,Табаки,Hell,Арбуз,Сочный арбуз,3,летний,TRUE,,,,
131,Магазин,Для себя,Табаки,Hell,Фреш Lemon Lime,Лимон лайм,3,кислый,TRUE,,,,
132,Магазин,Для себя,Табаки,Hell,Грейпфрут 2,Цитрус,3,кислый,TRUE,,,,
133,Магазин,Для себя,Табаки,Hell,Вишня,Спелая вишня,3,ягоды,TRUE,,,,
134,Магазин,Для себя,Табаки,Hell,Спелая дыня,Сладкая дыня,3,летний,TRUE,,,,
135,Магазин,Для себя,Табаки,Hell,Леденцы со смородиной,Смородиновые леденцы,3,сладкий,TRUE,,,,
136,Магазин,Для себя,Табаки,Hell,Личи,Тропический личи,3,тропики,TRUE,images/catalog/136.png,,,
137,Магазин,Для себя,Табаки,Hell,Холодок,Ледяная свежесть,3,холод,TRUE,images/catalog/137.png,,,
138,Магазин,Для себя,Табаки,Hell,Кола,Классическая кола,3,напитки,TRUE,,,,
139,Магазин,Для себя,Табаки,Hell,Яблочный сок,Сок из яблок,3,напитки,TRUE,,,,
140,Магазин,Для себя,Табаки,Hell,Арбуз Дыня,Летний микс,3,летний,TRUE,,,,
141,Магазин,Для себя,Табаки,Hell,Pinkman,Ягодный микс,3,ягоды,TRUE,,,,
142,Магазин,Для себя,Табаки,Hell,Deathpunch,Ягодный пунш,3,напитки,TRUE,,,,
201,Магазин,Для себя,Табаки,Сарма 360,Пепси Вишня,Вкус вишневой колы,2,сладкий,TRUE,,,,
202,Магазин,Для себя,Табаки,Сарма 360,Лимон Лайм,Цитрусовый микс,2,кислый,TRUE,,,,
203,Магазин,Для себя,Табаки,Сарма 360,Кремовый Апельсин,Нежный апельсин,2,десерты,TRUE,,,,
204,Магазин,Для себя,Табаки,Сарма 360,Брусничное Пюре,Ягодное пюре,2,ягоды,TRUE,,,,
205,Магазин,Для себя,Табаки,Сарма 360,Кубики Манго,Сладкое манго,2,тропики,TRUE,,,,
206,Магазин,Для себя,Табаки,Сарма 360,Черника,Лесная черника,2,лесные_ягоды,TRUE,,,,
207,Магазин,Для себя,Табаки,Сарма 360,Тропический Милкшейк,Молочный коктейль,2,десерты,TRUE,,,,
208,Магазин,Для себя,Табаки,Сарма 360,Киндер Шоколад,Молочный шоколад,2,десерты,TRUE,,,,
209,Магазин,Для себя,Табаки,Сарма 360,Малина,Спелая малина,2,ягоды,TRUE,,,,
210,Магазин,Для себя,Табаки,Сарма 360,Желтый Арбуз,Сочный арбуз,2,летний,TRUE,,,,
211,Магазин,Для себя,Табаки,Сарма 360,Виноградная Крем Сода,Газировка с виноградом,2,напитки,TRUE,,,,
212,Магазин,Для себя,Табаки,Сарма 360,Клубника Манго,Ягодно-фруктовый микс,2,тропики,TRUE,,,,
401,Магазин,Для себя,Табаки,Overdose,Виноград,Спелый виноград,3,фрукты,TRUE,images/catalog/401.png,,,
402,Магазин,Для себя,Табаки,Overdose,Яблоко,Зеленое яблоко,3,фрукты,TRUE,images/catalog/402.png,,,
403,Магазин,Для себя,Табаки,Overdose,Амбровый банан,Спелый банан,3,десерты,TRUE,,,,
404,Магазин,Для себя,Табаки,Overdose,Черника года,Яркая черника,3,лесные_ягоды,TRUE,images/catalog/404.png,,,
405,Магазин,Для себя,Табаки,Overdose,Киви,Тропический киви,3,тропики,TRUE,images/catalog/405.png,,,
406,Магазин,Для себя,Табаки,Overdose,Розовый грейпфрут,Терпкий грейпфрут,3,кислый,TRUE,images/catalog/406.png,,,
407,Магазин,Для себя,Табаки,Overdose,Winter Green,Морозная свежесть,3,холод,TRUE,images/catalog/407.png,,,
408,Магазин,Для себя,Табаки,Overdose,Яблочный сок,Сок из яблок,3,напитки,TRUE,,,,
409,Магазин,Для себя,Табаки,Overdose,Клубника,Сладкая клубника,3,ягоды,TRUE,images/catalog/409.png,,,
410,Магазин,Для себя,Табаки,Overdose,Джин,Хвойный джин,3,напитки,TRUE,,,,
411,Магазин,Для себя,Табаки,Overdose,Аппероль шприц,Коктейль апероль,3,напитки,TRUE,images/catalog/411.png,,,
412,Магазин,Для себя,Табаки,Overdose,Арбуз,Сочный арбуз,3,летний,TRUE,images/catalog/412.png,,,
413,Магазин,Для себя,Табаки,Overdose,Frutela,Фруктовые конфеты,3,сладкий,TRUE,images/catalog/413.png,,,
414,Магазин,Для себя,Табаки,Overdose,Тропический лимонад,Лимонад с тропиками,3,напитки,TRUE,,,,
415,Магазин,Для себя,Табаки,Overdose,Домашняя груша,Сладкая груша,3,фрукты,TRUE,images/catalog/415.png,,,
416,Магазин,Для себя,Табаки,Overdose,Кактус Лайм,Кислый кактус,3,кислый,TRUE,images/catalog/416.png,,,
417,Магазин,Для себя,Табаки,Overdose,Виноградный джем,Сладкий джем,3,десерты,TRUE,images/catalog/417.png,,,
418,Магазин,Для себя,Табаки,Overdose,Лотос Вишня Земляника,Цветочный микс,3,ягоды,TRUE,images/catalog/418.png,,,
419,Магазин,Для себя,Табаки,Overdose,Филиппинская малина,Сочная малина,3,ягоды,TRUE,images/catalog/419.png,,,
420,Магазин,Для себя,Табаки,Overdose,Апельсиновая газировка,Апельсиновый лимонад,3,напитки,TRUE,images/catalog/420.png,,,
421,Магазин,Для себя,Табаки,Overdose,Персик,Сладкий персик,3,фрукты,TRUE,images/catalog/421.png,,,
422,Магазин,Для себя,Табаки,Overdose,Ананасовые кусочки,Сочный ананас,3,тропики,TRUE,images/catalog/422.png,,,
423,Магазин,Для себя,Табаки,Overdose,Самаркандская дыня,Спелая дыня,3,летний,TRUE,images/catalog/423.png,,,
424,Магазин,Для себя,Табаки,Overdose,Клубника Киви,Ягодно-фруктовый микс,3,фрукты,TRUE,images/catalog/424.png,,,
425,Магазин,Для себя,Табаки,Overdose,Вафли,Сладкие вафли,3,десерты,TRUE,images/catalog/425.png,,,
426,Магазин,Для себя,Табаки,Overdose,Дикая земляника,Лесная земляника,3,ягоды,TRUE,images/catalog/426.png,,,
427,Магазин,Для себя,Табаки,Overdose,Peach Ice,Ледяной персик,3,фрукты,TRUE,images/catalog/427.png,,,
428,Магазин,Для себя,Табаки,Overdose,Citrus Mix,Цитрусовый микс,3,кислый,TRUE,images/catalog/428.png,,,
601,Магазин,Для себя,Табаки,Sebero Black,Вишня,Спелая вишня,3,ягоды,TRUE,,,,
602,Магазин,Для себя,Табаки,Sebero Black,Манго йогурт,Сливочное манго,3,десерты,TRUE,,,,
603,Магазин,Для себя,Табаки,Sebero Black,Сок мульти Фрукт,Мультифруктовый сок,3,напитки,TRUE,,,,
604,Магазин,Для себя,Табаки,Sebero Black,Клубника,Сладкая клубника,3,ягоды,TRUE,,,,
605,Магазин,Для себя,Табаки,Sebero Black,Лимончелло,Алкогольный лимон,3,напитки,TRUE,,,,
606,Магазин,Для себя,Табаки,Sebero Black,Бабл-гам с цитрусом,Жвачка с цитрусом,3,сладкий,TRUE,,,,
607,Магазин,Для себя,Табаки,Sebero Black,Киви,Тропический киви,3,тропики,TRUE,,,,
608,Магазин,Для себя,Табаки,Sebero Black,Дыня абрикос ваниль,Сладкий фруктовый микс,3,фрукты,TRUE,,,,
609,Магазин,Для себя,Табаки,Sebero Black,Ананас,Сочный ананас,3,тропики,TRUE,,,,
610,Магазин,Для себя,Табаки,Sebero Black,Жвачка Ловис,Жвачка Love Is,3,сладкий,TRUE,,,,
611,Магазин,Для себя,Табаки,Sebero Black,Клубника гуава,Ягодно-тропический микс,3,тропики,TRUE,,,,
612,Магазин,Для себя,Табаки,Sebero Black,Малина,Спелая малина,3,ягоды,TRUE,,,,
613,Магазин,Для себя,Табаки,Sebero Black,Дикие ягоды,Микс лесных ягод,3,ягоды,TRUE,,,,
614,Магазин,Для себя,Табаки,Sebero Black,Ревень чёрная смородина,Кислый ягодный микс,3,ягоды,TRUE,,,,
615,Магазин,Для себя,Табаки,Sebero Black,Черника,Спелая черника,3,лесные_ягоды,TRUE,,,,
616,Магазин,Для себя,Табаки,Sebero Black,Красный скитлс,Фруктовые драже,3,сладкий,TRUE,,,,
617,Магазин,Для себя,Табаки,Sebero Black,Дюшес,Грушевый лимонад,3,напитки,TRUE,,,,
618,Магазин,Для себя,Табаки,Sebero Black,Фруктовый милкшейк,Молочный коктейль с фруктами,3,десерты,TRUE,,,,
619,Магазин,Для себя,Табаки,Sebero Black,Облепиховый чай,Чай с облепихой,3,напитки,TRUE,,,,
620,Магазин,Для себя,Табаки,Sebero Black,Кола,Классическая кола,3,напитки,TRUE,,,,
621,Магазин,Для себя,Табаки,Sebero Black,Виноград,Спелый виноград,3,фрукты,TRUE,,,,
622,Магазин,Для себя,Табаки,Sebero Black,Малиновый рафаэлло,Десерт с малиной,3,десерты,TRUE,,,,
623,Магазин,Для себя,Табаки,Sebero Black,Ежевика,Лесная ежевика,3,лесные_ягоды,TRUE,,,,
624,Магазин,Для себя,Табаки,Sebero Black,Голубика,Сочная голубика,3,лесные_ягоды,TRUE,,,,
801,Магазин,Для себя,Табаки,Sapphire,Ron.Do,Освежающий леденец,2,свежесть,TRUE,,,,
802,Магазин,Для себя,Табаки,Sapphire,Tropic mamba,Тропический микс,2,тропики,TRUE,,,,
803,Магазин,Для себя,Табаки,Sapphire,Lavender tropic,Тропики с лавандой,2,цветы,TRUE,,,,
804,Магазин,Для себя,Табаки,Sapphire,Kiwi fruit,Тропический киви,2,тропики,TRUE,,,,
805,Магазин,Для себя,Табаки,Sapphire,Bitter cherry,Горькая вишня,2,ягоды,TRUE,,,,
806,Магазин,Для себя,Табаки,Sapphire,Tropic juice,Тропический сок,2,напитки,TRUE,,,,
807,Магазин,Для себя,Табаки,Sapphire,Go bananas,Спелый банан,2,десерты,TRUE,,,,
808,Магазин,Для себя,Табаки,Sapphire,Pineapple funta,Ананасовая фанта,2,напитки,TRUE,images/catalog/808.png,,,
809,Магазин,Для себя,Табаки,Sapphire,Code red,Ягодный микс,2,ягоды,TRUE,,,,
810,Магазин,Для себя,Табаки,Sapphire,Cream soda,Крем-сода,2,напитки,TRUE,,,,
811,Магазин,Для себя,Табаки,Sapphire,Cherry energy,Вишневый энергетик,2,напитки,TRUE,,,,
812,Магазин,Для себя,Табаки,Sapphire,Alpine strawberry,Альпийская клубника,2,ягоды,TRUE,,,,
813,Магазин,Для себя,Табаки,Sapphire,Ripe mango,Спелое манго,2,тропики,TRUE,,,,
814,Магазин,Для себя,Табаки,Sapphire,Eden raspberry,Райская малина,2,ягоды,TRUE,,,,
815,Магазин,Для себя,Табаки,Sapphire,Passion fruit,Маракуйя,2,тропики,TRUE,,,,
816,Магазин,Для себя,Табаки,Sapphire,Lemon pie,Лимонный пирог,2,десерты,TRUE,,,,
817,Магазин,Для себя,Табаки,Sapphire,Lavender tropic kiwi,Тропический микс с киви,2,тропики,TRUE,,,,
818,Магазин,Для себя,Табаки,Sapphire,Ekzo,Экзотический микс,2,тропики,TRUE,images/catalog/818.png,,,
819,Магазин,Для себя,Табаки,Sapphire,Fragrant blackcurrant,Ароматная смородина,2,ягоды,TRUE,,,,
820,Магазин,Для себя,Табаки,Sapphire,Turbo,Арбузная жвачка,2,десерты,TRUE,,,,
821,Магазин,Для себя,Табаки,Sapphire,Velvet,Бархатный микс,2,фрукты,TRUE,,,,
501,Магазин,Для себя,Табаки,Black Burn,Кола,Классическая кола,3,напитки,TRUE,images/catalog/501.png,,,
502,Магазин,Для себя,Табаки,Black Burn,Медовая дыня,Сладкая дыня,3,летний,TRUE,images/catalog/502.png,,,
503,Магазин,Для себя,Табаки,Black Burn,Ананасовый йогурт,Сливочный ананас,3,тропики,TRUE,images/catalog/503.png,,,
504,Магазин,Для себя,Табаки,Black Burn,Спелая лесная малина,Лесная малина,3,ягоды,TRUE,images/catalog/504.png,,,
505,Магазин,Для себя,Табаки,Black Burn,Виноградный чупа-чупс,Виноградный леденец,3,сладкий,TRUE,images/catalog/505.png,,,
506,Магазин,Для себя,Табаки,Black Burn,Черешневый сок,Сок из черешни,3,напитки,TRUE,images/catalog/506.png,,,
507,Магазин,Для себя,Табаки,Black Burn,Леденец Малибу,Сладкий леденец,3,сладкий,TRUE,images/catalog/507.png,,,
508,Магазин,Для себя,Табаки,Black Burn,Лимонные леденцы,Кислые леденцы,3,кислый,TRUE,images/catalog/508.png,,,
509,Магазин,Для себя,Табаки,Black Burn,На Чилле,Тропический сок,3,напитки,TRUE,images/catalog/509.png,,,
510,Магазин,Для себя,Табаки,Black Burn,Что-то тропическое,Тропический микс,3,тропики,TRUE,images/catalog/510.png,,,
511,Магазин,Для себя,Табаки,Black Burn,Красный киви,Сладкий киви,3,фрукты,TRUE,images/catalog/511.png,,,
512,Магазин,Для себя,Табаки,Black Burn,Настоящая маракуйя,Спелая маракуйя,3,тропики,TRUE,images/catalog/512.png,,,
513,Магазин,Для себя,Табаки,Black Burn,Ягодная корзина,Микс лесных ягод,3,ягоды,TRUE,images/catalog/513.png,,,
514,Магазин,Для себя,Табаки,Black Burn,Сочное манго,Сладкое манго,3,тропики,TRUE,,,,
515,Магазин,Для себя,Табаки,Black Burn,Сладкий арбуз,Сахарный арбуз,3,летний,TRUE,,,,
516,Магазин,Для себя,Табаки,Black Burn,Тростниковая мята,Сладкая мята,3,свежесть,TRUE,images/catalog/516.png,,,
517,Магазин,Для себя,Табаки,Black Burn,Ягодный лимонад,Лимонад с ягодами,3,напитки,TRUE,images/catalog/517.png,,,
518,Магазин,Для себя,Табаки,Black Burn,Манго-маракуйя,Тропический микс,3,тропики,TRUE,images/catalog/518.png,,,
519,Магазин,Для себя,Табаки,Black Burn,Длинный Холс,Ментоловые леденцы,3,свежесть,TRUE,,,,
520,Магазин,Для себя,Табаки,Black Burn,Лимонад Байкал,Классический байкал,3,напитки,TRUE,images/catalog/520.png,,,
521,Магазин,Для себя,Табаки,Black Burn,Лимон-лайм,Цитрусовый микс,3,кислый,TRUE,,,,
522,Магазин,Для себя,Табаки,Black Burn,Ультра кислый лимон,Экстремально кислый лимон,3,кислый,TRUE,images/catalog/522.png,,,
523,Магазин,Для себя,Табаки,Black Burn,Цитрусовый микс,Микс цитрусов,3,кислый,TRUE,images/catalog/523.png,,,
524,Магазин,Для себя,Табаки,Black Burn,Кислый ананас,Кислый тропик,3,кислый,TRUE,images/catalog/524.png,,,
525,Магазин,Для себя,Табаки,Black Burn,Грейпфрут,Терпкий грейпфрут,3,кислый,TRUE,images/catalog/525.png,,,
526,Магазин,Для себя,Табаки,Black Burn,Смузи из киви,Фруктовый смузи,3,фрукты,TRUE,images/catalog/526.png,,,
527,Магазин,Для себя,Табаки,Black Burn,Бархатный персик,Нежный персик,3,фрукты,TRUE,images/catalog/527.png,,,
528,Магазин,Для себя,Табаки,Black Burn,Клубника кокос эвкалипт,Сложный микс,3,необычный,TRUE,images/catalog/528.png,,,
529,Магазин,Для себя,Табаки,Black Burn,Мармелад Кола,Мармелад со вкусом колы,3,десерты,TRUE,,,,
530,Магазин,Для себя,Табаки,Black Burn,Клубничный джем,Сладкий джем,3,десерты,TRUE,images/catalog/530.png,,,
531,Магазин,Для себя,Табаки,Black Burn,Бананини,Спелый банан,3,десерты,TRUE,,,,
532,Магазин,Для себя,Табаки,Black Burn,Что-то ягодное,Ягодный микс,3,ягоды,TRUE,images/catalog/532.png,,,
533,Магазин,Для себя,Табаки,Black Burn,Ёлка,Хвойный вкус,3,необычный,TRUE,images/catalog/533.png,,,
534,Магазин,Для себя,Табаки,Black Burn,Черничный йогурт,Сливочная черника,3,десерты,TRUE,,,,
535,Магазин,Для себя,Табаки,Black Burn,Шоколадный десерт,Сладкий шоколад,3,десерты,TRUE,images/catalog/535.png,,,
536,Магазин,Для себя,Табаки,Black Burn,Халва,Восточная сладость,3,десерты,TRUE,,,,
537,Магазин,Для себя,Табаки,Black Burn,Ледяное зелёное яблоко,Яблоко со льдом,3,холод,TRUE,images/catalog/537.png,,,
538,Магазин,Для себя,Табаки,Black Burn,Фисташковое мороженое,Десерт с фисташкой,3,десерты,TRUE,images/catalog/538.png,,,
539,Магазин,Для себя,Табаки,Black Burn,Персиковый йогурт,Нежный персик,3,десерты,TRUE,images/catalog/539.png,,,
540,Магазин,Для себя,Табаки,Black Burn,Миринда,Апельсиновая газировка,3,напитки,TRUE,images/catalog/540.png,,,
541,Магазин,Для себя,Табаки,Black Burn,Ice Baby,Ягодный сорбет с грейпфрутом,3,ягоды,TRUE,images/catalog/541.png,,,
542,Магазин,Для себя,Табаки,Black Burn,Луло,Колумбийский луло,3,необычный,TRUE,,,,
543,Магазин,Для себя,Табаки,Black Burn,Земляника-персик,Ягодно-фруктовый микс,3,фрукты,TRUE,images/catalog/543.png,,,
544,Магазин,Для себя,Табаки,Black Burn,Саркыт,Яблоко гранат персик,3,фрукты,TRUE,,,,
545,Магазин,Для себя,Табаки,Black Burn,Тик-Так,Драже из детства,3,свежесть,TRUE,images/catalog/545.png,,,
1201,Магазин,Для себя,Табаки,Chabacco,Арбузная жвачка,Сладкая арбузная жвачка,2,сладкий,TRUE,images/chabacco/1201.png,,,
1202,Магазин,Для себя,Табаки,Chabacco,Бузина,Цветочная бузина,2,цветы,TRUE,images/chabacco/1202.png,,,
1203,Магазин,Для себя,Табаки,Chabacco,Мармеладные мишки,Фруктовый мармелад,2,десерты,TRUE,images/chabacco/1203.png,,,
1204,Магазин,Для себя,Табаки,Chabacco,Смородиновый крамбл,Ягодная выпечка,2,десерты,TRUE,images/chabacco/1204.png,,,
1205,Магазин,Для себя,Табаки,Chabacco,Asia Mix,Азиатский микс,2,тропики,TRUE,,,,
1206,Магазин,Для себя,Табаки,Chabacco,Астраханский арбуз,Спелый арбуз,2,летний,TRUE,images/chabacco/1206.png,,,
1207,Магазин,Для себя,Табаки,Chabacco,Королевский лимонад,Освежающий лимонад,2,напитки,TRUE,images/chabacco/1207.png,,,
1208,Магазин,Для себя,Табаки,Chabacco,Северные ягоды,Лесные ягоды,2,ягоды,TRUE,images/chabacco/1208.png,,,
1209,Магазин,Для себя,Табаки,Chabacco,Малина,Спелая малина,2,ягоды,TRUE,images/chabacco/1209.png,,,
1210,Магазин,Для себя,Табаки,Chabacco,Ice Bon Bon,Ледяные леденцы,2,холод,TRUE,,,,
1211,Магазин,Для себя,Табаки,Chabacco,Вишнёвая кола,Кола с вишней,2,напитки,TRUE,images/chabacco/1211.png,,,
1212,Магазин,Для себя,Табаки,Chabacco,Чёрная смородина,Лесная смородина,2,ягоды,TRUE,,,,
1213,Магазин,Для себя,Табаки,Chabacco,Фруктовый лёд,Ледяной десерт,2,свежесть,TRUE,images/chabacco/1213.png,,,
1214,Магазин,Для себя,Табаки,Chabacco,Ананас,Сочный ананас,2,тропики,TRUE,images/chabacco/1214.png,,,
1215,Магазин,Для себя,Табаки,Chabacco,Киви яблоко крыжовник,Фруктово-ягодный микс,2,фрукты,TRUE,images/chabacco/1215.png,,,
1216,Магазин,Для себя,Табаки,Chabacco,Морозная мята,Ледяная мята,2,свежесть,TRUE,images/chabacco/1216.png,,,
1217,Магазин,Для себя,Табаки,Chabacco,Маракуйя,Тропическая маракуйя,2,тропики,TRUE,images/chabacco/1217.png,,,
1218,Магазин,Для себя,Табаки,Chabacco,Черника с мятой,Ягодная мята,2,свежесть,TRUE,images/chabacco/1218.png,,,
1219,Магазин,Для себя,Табаки,Chabacco,Дикая вишня,Спелая вишня,2,ягоды,TRUE,images/chabacco/1219.png,,,
1220,Магазин,Для себя,Табаки,Chabacco,Клюква в сахарной пудре,Сладкая клюква,2,сладкий,TRUE,images/chabacco/1220.png,,,
1221,Магазин,Для себя,Табаки,Chabacco,Лимонные дольки,Цитрусовый десерт,2,кислый,TRUE,images/chabacco/1221.png,,,
1222,Магазин,Для себя,Табаки,Chabacco,Молочный улун,Чайный вкус,2,чайный,TRUE,images/chabacco/1222.png,,,
1223,Магазин,Для себя,Табаки,Chabacco,Лимон лайм,Цитрусовый микс,2,кислый,TRUE,images/chabacco/1223.png,,,
1224,Магазин,Для себя,Табаки,Chabacco,Кислое желе,Кисло-сладкий мармелад,2,десерты,TRUE,images/chabacco/1224.png,,,
1225,Магазин,Для себя,Табаки,Chabacco,Frutella,Фруктовые конфеты,2,сладкий,TRUE,,,,
1226,Магазин,Для себя,Табаки,Chabacco,Малина ежевика,Ягодный микс,2,ягоды,TRUE,images/chabacco/1226.png,,,
1227,Магазин,Для себя,Табаки,Chabacco,Ледяной манго,Манго со льдом,2,тропики,TRUE,images/chabacco/1227.png,,,
1228,Магазин,Для себя,Табаки,Chabacco,Кола,Классическая кола,2,напитки,TRUE,images/chabacco/1228.png,,,
1229,Магазин,Для себя,Табаки,Chabacco,Кислая брусника,Кислые лесные ягоды,2,ягоды,TRUE,images/chabacco/1229.png,,,
1230,Магазин,Для себя,Табаки,Chabacco,Персик лайм,Фруктово-цитрусовый микс,2,фрукты,TRUE,images/chabacco/1230.png,,,
1231,Магазин,Для себя,Табаки,Chabacco,Апельсиновое драже,Апельсиновые конфеты,2,десерты,TRUE,images/chabacco/1231.png,,,
1232,Магазин,Для себя,Табаки,Chabacco,Клубничный мохито,Ягодный коктейль,2,напитки,TRUE,images/chabacco/1232.png,,,
1233,Магазин,Для себя,Табаки,Chabacco,Двойное яблоко,Классический вкус,2,фрукты,TRUE,images/chabacco/1233.png,,,
1234,Магазин,Для себя,Табаки,Chabacco,Персик абрикос,Сладкие фрукты,2,фрукты,TRUE,images/chabacco/1234.png,,,
1235,Магазин,Для себя,Табаки,Chabacco,Клубничный милкшейк,Молочный коктейль с клубникой,2,десерты,TRUE,images/chabacco/1235.png,,,
1236,Магазин,Для себя,Табаки,Chabacco,Банановый милкшейк,Молочный коктейль с бананом,2,десерты,TRUE,images/chabacco/1236.png,,,
1237,Магазин,Для себя,Табаки,Chabacco,Освежающий виноград,Ледяной виноград,2,фрукты,TRUE,images/chabacco/1237.png,,,
1238,Магазин,Для себя,Табаки,Chabacco,Виноградные леденцы,Сладкие леденцы,2,сладкий,TRUE,images/chabacco/1238.png,,,
1239,Магазин,Для себя,Табаки,Chabacco,Фруктово-ягодный джем,Сладкий джем,2,десерты,TRUE,images/chabacco/1239.png,,,
1240,Магазин,Для себя,Табаки,Chabacco,Грушевые леденцы,Конфеты со вкусом груши,2,сладкий,TRUE,images/chabacco/1240.png,,,
1241,Магазин,Для себя,Табаки,Chabacco,Медовые ягоды,Ягоды с медом,2,ягоды,TRUE,images/chabacco/1241.png,,,
1242,Магазин,Для себя,Табаки,Chabacco,Грейпфрут,Терпкий цитрус,2,кислый,TRUE,images/chabacco/1242.png,,,
1243,Магазин,Для себя,Табаки,Chabacco,Вишня,Спелая вишня,2,ягоды,TRUE,images/chabacco/1243.png,,,
1244,Магазин,Для себя,Табаки,Chabacco,Земляника,Лесная земляника,2,ягоды,TRUE,images/chabacco/1244.png,,,
1245,Магазин,Для себя,Табаки,Chabacco,Китайская дыня,Сладкая дыня,2,летний,TRUE,images/chabacco/1245.png,,,
1246,Магазин,Для себя,Табаки,Chabacco,Кремовый энергетик,Сладкий напиток,2,напитки,TRUE,images/chabacco/1246.png,,,
1247,Магазин,Для себя,Табаки,Chabacco,Тропик лав,Тропический микс,2,тропики,TRUE,images/chabacco/1247.png,,,
1248,Магазин,Для себя,Табаки,Chabacco,Ягодный холс,Ягодные леденцы,2,свежесть,TRUE,,,,
1249,Магазин,Для себя,Табаки,Chabacco,Леденцы со смородиной,Смородиновые конфеты,2,десерты,TRUE,images/chabacco/1249.png,,,
1250,Магазин,Для себя,Табаки,Chabacco,Личи,Тропический личи,2,тропики,TRUE,images/chabacco/1250.png,,,
1251,Магазин,Для себя,Табаки,Chabacco,Малиновый рафаэлло,Десерт с малиной,2,десерты,TRUE,,,,
1301,Магазин,Для себя,Табаки,Aureus,Virginia Gold,Сухофрукты и мёд,2,премиум,TRUE,,,,
1302,Магазин,Для себя,Табаки,Aureus,Ruby,Сорбет малина черника клубника,2,ягоды,TRUE,,,,
1303,Магазин,Для себя,Табаки,Aureus,Helios,Сорбет ананас маракуйя персик,2,тропики,TRUE,,,,
1304,Магазин,Для себя,Табаки,Aureus,Kallisti,Сорбет ананас груша яблоко,2,фрукты,TRUE,,,,
1305,Магазин,Для себя,Табаки,Aureus,Aurora,Кисло-сладкие ананасовые колечки,2,тропики,TRUE,,,,
1306,Магазин,Для себя,Табаки,Aureus,Carmine,Сок из черешни клубники малины,2,ягоды,TRUE,,,,
1307,Магазин,Для себя,Табаки,Aureus,Flora,Свежие ягоды клубники и земляники,2,ягоды,TRUE,,,,
1308,Магазин,Для себя,Табаки,Aureus,Redes,Pinkman микс,2,ягоды,TRUE,,,,
1309,Магазин,Для себя,Табаки,Aureus,Solaris,Спелое сладкое манго,2,тропики,TRUE,,,,
1310,Магазин,Для себя,Табаки,Aureus,Dionysius,Желе из чёрного винограда,2,десерты,TRUE,,,,
1311,Магазин,Для себя,Табаки,Aureus,Evdora,Кисло-сладкая маракуйя,2,тропики,TRUE,,,,
1312,Магазин,Для себя,Табаки,Aureus,Thalia,Тутти-фрутти,2,сладкий,TRUE,,,,
1313,Магазин,Для себя,Табаки,Aureus,Aglaya,Кусочки медовой дыни,2,летний,TRUE,,,,
1314,Магазин,Для себя,Табаки,Aureus,Scarlett,Спелая садовая малина,2,ягоды,TRUE,,,,
1315,Магазин,Для себя,Табаки,Aureus,Liora,Лимонная шипучка,2,напитки,TRUE,,,,
1316,Магазин,Для себя,Табаки,Aureus,Tauros,Энергетик,2,напитки,TRUE,,,,
1317,Магазин,Для себя,Табаки,Aureus,Orangelo,Апельсин и грейпфрут,2,кислый,TRUE,,,,
1101,Магазин,Для себя,Табаки,Сарма,Фруктовый сорбет,Мороженое с фруктами,2,десерты,TRUE,images/catalog/1101.png,,,
1102,Магазин,Для себя,Табаки,Сарма,Ирга,Спелая ирга,2,ягоды,TRUE,,,,
1103,Магазин,Для себя,Табаки,Сарма,Смородиновый морс,Морс из смородины,2,напитки,TRUE,images/catalog/1103.png,,,
1104,Магазин,Для себя,Табаки,Сарма,Северная черника,Лесная черника,2,ягоды,TRUE,images/catalog/1104.png,,,
1105,Магазин,Для себя,Табаки,Сарма,Красное яблоко,Сладкое яблоко,2,фрукты,TRUE,images/catalog/1105.png,,,
1106,Магазин,Для себя,Табаки,Сарма,Грейпфрутовый сок,Сок грейпфрута,2,напитки,TRUE,,,,
1107,Магазин,Для себя,Табаки,Сарма,Дыня,Спелая дыня,2,летний,TRUE,,,,
1108,Магазин,Для себя,Табаки,Сарма,Ананасовый сок,Сок ананаса,2,напитки,TRUE,images/catalog/1108.png,,,
1109,Магазин,Для себя,Табаки,Сарма,Лимонный леденец,Кислый леденец,2,сладкий,TRUE,images/catalog/1109.png,,,
1110,Магазин,Для себя,Табаки,Сарма,Облепиха Апельсин,Кисло-сладкий цитрус,2,кислый,TRUE,images/catalog/1110.png,,,
1111,Магазин,Для себя,Табаки,Сарма,Лесная малина,Спелая малина,2,ягоды,TRUE,images/catalog/1111.png,,,
1112,Магазин,Для себя,Табаки,Сарма,Байкальская клубника,Сладкая клубника,2,ягоды,TRUE,images/catalog/1112.png,,,
1113,Магазин,Для себя,Табаки,Сарма,Древесная вишня,Вишня с нотками дерева,2,ягоды,TRUE,,,,
1114,Магазин,Для себя,Табаки,Сарма,Брусника Клюква,Кислые лесные ягоды,2,ягоды,TRUE,images/catalog/1114.png,,,
1115,Магазин,Для себя,Табаки,Сарма,Банановое суфле,Банановый десерт,2,десерты,TRUE,images/catalog/1115.png,,,
1116,Магазин,Для себя,Табаки,Сарма,Виноградный сок,Сок из винограда,2,напитки,TRUE,images/catalog/1116.png,,,
1117,Магазин,Для себя,Табаки,Сарма,Зеленое яблоко,Кислое яблоко,2,фрукты,TRUE,images/catalog/1117.png,,,
1118,Магазин,Для себя,Табаки,Сарма,Земляничное печенье,Выпечка с земляникой,2,десерты,TRUE,,,,
1119,Магазин,Для себя,Табаки,Сарма,Лимонад Буратино,Классический лимонад,2,напитки,TRUE,,,,
1001,Магазин,Для себя,Табаки,Deus,Violet Zephur,Цветочный аромат,3,цветы,TRUE,,,,
1002,Магазин,Для себя,Табаки,Deus,Vanilla Berries,Ванильные ягоды,3,ягоды,TRUE,,,,
1003,Магазин,Для себя,Табаки,Deus,Jasmine Pear,Груша с жасмином,3,фрукты,TRUE,,,,
1004,Магазин,Для себя,Табаки,Deus,Cherry Jelly,Вишневое желе,3,десерты,TRUE,,,,
1005,Магазин,Для себя,Табаки,Deus,Passion Fruit,Маракуйя,3,тропики,TRUE,,,,
1006,Магазин,Для себя,Табаки,Deus,Catmint,Парфюмная мята,3,свежесть,TRUE,,,,
1007,Магазин,Для себя,Табаки,Deus,Blueberry Yogurt,Черничный йогурт,3,десерты,TRUE,,,,
1008,Магазин,Для себя,Табаки,Deus,Marmelade,Фруктовый мармелад,3,сладкий,TRUE,,,,
1009,Магазин,Для себя,Табаки,Deus,Watermelon Halls,Арбузные леденцы,3,холод,TRUE,images/catalog/1009.png,,,
1010,Магазин,Для себя,Табаки,Deus,Orange Blossom,Апельсиновый цвет,3,цветы,TRUE,,,,
1011,Магазин,Для себя,Табаки,Deus,Raspberry,Спелая малина,3,ягоды,TRUE,images/catalog/1011.png,,,
1012,Магазин,Для себя,Табаки,Deus,Rose Grapefruit,Грейпфрут с розой,3,кислый,TRUE,,,,
1013,Магазин,Для себя,Табаки,Deus,Strawberry,Сладкая клубника,3,ягоды,TRUE,images/catalog/1013.jpg,,,
1014,Магазин,Для себя,Табаки,Deus,Tropic Soda,Тропическая газировка,3,напитки,TRUE,,,,
901,Магазин,Для себя,Табаки,Jam,Печенье с черникой,Сладкая выпечка,1,десерты,TRUE,,,,
902,Магазин,Для себя,Табаки,Jam,Лимон Лайм,Цитрусовый микс,1,кислый,TRUE,,,,
903,Магазин,Для себя,Табаки,Jam,Манго со льдом,Ледяное манго,1,тропики,TRUE,,,,
904,Магазин,Для себя,Табаки,Jam,Грейпфрут с малиновым соком,Фруктово-ягодный микс,1,кислый,TRUE,,,,
905,Магазин,Для себя,Табаки,Jam,Малина,Спелая малина,1,ягоды,TRUE,,,,
906,Магазин,Для себя,Табаки,Jam,Освежающий мохито,Коктейль мохито,1,напитки,TRUE,,,,
907,Магазин,Для себя,Табаки,Jam,Сладкий киви,Спелый киви,1,тропики,TRUE,,,,
908,Магазин,Для себя,Табаки,Jam,Черная смородина,Лесная смородина,1,ягоды,TRUE,,,,
909,Магазин,Для себя,Табаки,Jam,Банановый коктейль,Банановый милкшейк,1,десерты,TRUE,,,,
1401,Магазин,Для себя,Табаки,Sebero,Сочный персик,Сладкий персик,1,фрукты,TRUE,,,,
1402,Магазин,Для себя,Табаки,Sebero,Цитрусовый шок,Кислый цитрус,1,кислый,TRUE,,,,
1403,Магазин,Для себя,Табаки,Sebero,Маракуйя,Тропическая маракуйя,1,тропики,TRUE,,,,
1404,Магазин,Для себя,Табаки,Sebero,Киви,Тропический киви,1,тропики,TRUE,,,,
1405,Магазин,Для себя,Табаки,Sebero,Голубика,Сочная голубика,1,ягоды,TRUE,,,,
1406,Магазин,Для себя,Табаки,Sebero,Гуава клубника,Тропический микс с клубникой,1,фрукты,TRUE,,,,
1407,Магазин,Для себя,Табаки,Sebero,Малина,Спелая малина,1,ягоды,TRUE,,,,
1408,Магазин,Для себя,Табаки,Sebero,Лимончело,Лимонный ликер,1,напитки,TRUE,,,,
1409,Магазин,Для себя,Табаки,Sebero,Банан клубника,Сладкий десертный микс,1,десерты,TRUE,,,,
1410,Магазин,Для себя,Табаки,Sebero,Энергетик,Энергетический напиток,1,напитки,TRUE,images/catalog/1410.png,,,
1411,Магазин,Для себя,Табаки,Sebero,Arctic Mix,Ягодный микс со льдом,1,холод,TRUE,,,,
1412,Магазин,Для себя,Табаки,Sebero,Juicy Shake,Фруктовый шейк,1,фрукты,TRUE,,,,
1413,Магазин,Для себя,Табаки,Sebero,Bubble Fruit,Фруктовая жвачка,1,сладкий,TRUE,,,,
1414,Магазин,Для себя,Табаки,Sebero,Pop Star,Сладкие леденцы,1,сладкий,TRUE,,,,
1415,Магазин,Для себя,Табаки,Sebero,Fresh Time,Освежающий цитрус,1,свежесть,TRUE,,,,
1416,Магазин,Для себя,Табаки,Sebero,Fruit Smoothie,Фруктовый смузи,1,фрукты,TRUE,,,,
1417,Магазин,Для себя,Табаки,Sebero,Melon Ron Do,Освежающая дыня,1,летний,TRUE,,,,
1418,Магазин,Для себя,Табаки,Sebero,Cream Berry,Сливочные ягоды,1,десерты,TRUE,,,,
1419,Магазин,Для себя,Табаки,Sebero,Fruit Tea,Фруктовый чай,1,чайный,TRUE,,,,
1420,Магазин,Для себя,Табаки,Sebero,Tropic Berry,Тропические ягоды,1,тропики,TRUE,,,,
1421,Магазин,Для себя,Табаки,Sebero,Fruit Yogurt,Фруктовый йогурт,1,десерты,TRUE,,,,
1422,Магазин,Для себя,Табаки,Sebero,Spice Fruit,Пряные фрукты,1,пряный,TRUE,,,,
1423,Магазин,Для себя,Табаки,Sebero,Summer Vibe,Летний микс,1,летний,TRUE,,,,
1424,Магазин,Для себя,Табаки,Sebero,Vanilla Fruit,Фруктовая ваниль,1,десерты,TRUE,,,,
26,Аренда,Для себя,Табаки,Аренда,Стандартный кальян,Классический кальян на дом на сутки,-,аренда,TRUE,,,,
27,Аренда,Для себя,Табаки,Аренда,Премиум кальян,Премиум аппарат с чашей на фрукте,-,аренда премиум,TRUE,,,,
28,Магазин,Для заведения,Опт,Прайс-лист для заведений,Доступ ко всему оптовому прайсу,-,опт,TRUE,,,,,
701,Магазин,Для себя,Табаки,Сарма 360 Крепкая,Малина Вишня,Ягодный микс,3,ягоды,TRUE,,,,
702,Магазин,Для себя,Табаки,Сарма 360 Крепкая,Виноград Гранат,Терпкий фруктовый микс,3,фрукты,TRUE,,,,
703,Магазин,Для себя,Табаки,Сарма 360 Крепкая,Яблоко Карамель,Сладкое яблоко,3,десерты,TRUE,,,,
704,Магазин,Для себя,Табаки,Сарма 360 Крепкая,Смородина Базилик,Ягоды с травами,3,необычный,TRUE,,,,
705,Магазин,Для себя,Табаки,Сарма 360 Крепкая,Киви,Тропический киви,3,тропики,TRUE,,,,
706,Магазин,Для себя,Табаки,Сарма 360 Крепкая,Ананас Кокос,Тропический микс,3,тропики,TRUE,,,,
707,Магазин,Для себя,Табаки,Сарма 360 Крепкая,Маракуйя,Кисло-сладкая маракуйя,3,тропики,TRUE,,,,
708,Магазин,Для себя,Табаки,Сарма 360 Крепкая,Горная Лаванда,Цветочный аромат,3,цветы,TRUE,,,,
709,Магазин,Для себя,Табаки,Сарма 360 Крепкая,Помело Грейпфрут,Цитрусовый микс,3,кислый,TRUE,images/catalog/709.png,,,
710,Магазин,Для себя,Табаки,Сарма 360 Крепкая,Манго Лайм,Тропический цитрус,3,тропики,TRUE,,,,
711,Магазин,Для себя,Табаки,Сарма 360 Крепкая,Облепиха Роза,Необычный микс,3,цветы,TRUE,,,,
9001,Магазин,Для себя,Уголь,Crown,25мм,Уголь кокосовый Crown 25мм 72 кубика,,,TRUE,,,,Астана
,,,,,,,,,,,,,
,,,,,,,,,,,,,
,,,,,,,,,,,,,
,,,,,,,,,,,,,
,,,,,,,,,,,,,
,,,,,,,,,,,,,
,,,,,,,,,,,,,
,,,,,,,,,,,,,
,,,,,,,,,,,,,
,,,,,,,,,,,,,
,,,,,,,,,,,,,
,,,,,,,,,,,,,
,,,,,,,,,,,,,
,,,,,,,,,,,,,
,,,,,,,,,,,,,
,,,,,,,,,,,,,
,,,,,,,,,,,,,
,,,,,,,,,,,,,
,,,,,,,,,,,,,
,,,,,,,,,,,,,
,,,,,,,,,,,,,
,,,,,,,,,,,,,
,,,,,,,,,,,,,
,,,,,,,,,,,,,
,,,,,,,,,,,,,
,,,,,,,,,,,,,
,,,,,,,,,,,,,
,,,,,,,,,,,,,
,,,,,,,,,,,,,
,,,,,,,,,,,,,
,,,,,,,,,,,,,
,,,,,,,,,,,,,
,,,,,,,,,,,,,
,,,,,,,,,,,,,
,,,,,,,,,,,,,
,,,,,,,,,,,,,
,,,,,,,,,,,,,
,,,,,,,,,,,,,
,,,,,,,,,,,,,
,,,,,,,,,,,,,
,,,,,,,,,,,,,
,,,,,,,,,,,,,
,,,,,,,,,,,,,
,,,,,,,,,,,,,
,,,,,,,,,,,,,
,,,,,,,,,,,,,
,,,,,,,,,,,,,
,,,,,,,,,,,,,
,,,,,,,,,,,,,
,,,,,,,,,,,,,
,,,,,,,,,,,,,
,,,,,,,,,,,,,
,,,,,,,,,,,,,
,,,,,,,,,,,,,
,,,,,,,,,,,,,
,,,,,,,,,,,,,
,,,,,,,,,,,,,
,,,,,,,,,,,,,
,,,,,,,,,,,,,
,,,,,,,,,,,,,
,,,,,,,,,,,,,
,,,,,,,,,,,,,
,,,,,,,,,,,,,
,,,,,,,,,,,,,
,,,,,,,,,,,,,
,,,,,,,,,,,,,
,,,,,,,,,,,,,
,,,,,,,,,,,,,
,,,,,,,,,,,,,
,,,,,,,,,,,,,
,,,,,,,,,,,,,
,,,,,,,,,,,,,
,,,,,,,,,,,,,
,,,,,,,,,,,,,
,,,,,,,,,,,,,
,,,,,,,,,,,,,
,,,,,,,,,,,,,
,,,,,,,,,,,,,
,,,,,,,,,,,,,
,,,,,,,,,,,,,
,,,,,,,,,,,,,
,,,,,,,,,,,,,
,,,,,,,,,,,,,
,,,,,,,,,,,,,
,,,,,,,,,,,,,
,,,,,,,,,,,,,
,,,,,,,,,,,,,
,,,,,,,,,,,,,
,,,,,,,,,,,,,
,,,,,,,,,,,,,
,,,,,,,,,,,,,
,,,,,,,,,,,,,
,,,,,,,,,,,,,
,,,,,,,,,,,,,
,,,,,,,,,,,,,
,,,,,,,,,,,,,
,,,,,,,,,,,,,
,,,,,,,,,,,,,
,,,,,,,,,,,,,
,,,,,,,,,,,,,
,,,,,,,,,,,,,
,,,,,,,,,,,,,
,,,,,,,,,,,,,
,,,,,,,,,,,,,
,,,,,,,,,,,,,
,,,,,,,,,,,,,
,,,,,,,,,,,,,
,,,,,,,,,,,,,
,,,,,,,,,,,,,
,,,,,,,,,,,,,
,,,,,,,,,,,,,
,,,,,,,,,,,,,
,,,,,,,,,,,,,
,,,,,,,,,,,,,
,,,,,,,,,,,,,
,,,,,,,,,,,,,
,,,,,,,,,,,,,
,,,,,,,,,,,,,
,,,,,,,,,,,,,
,,,,,,,,,,,,,
,,,,,,,,,,,,,
,,,,,,,,,,,,,
,,,,,,,,,,,,,
,,,,,,,,,,,,,
,,,,,,,,,,,,,
,,,,,,,,,,,,,
,,,,,,,,,,,,,
,,,,,,,,,,,,,
,,,,,,,,,,,,,
,,,,,,,,,,,,,
,,,,,,,,,,,,,
,,,,,,,,,,,,,
,,,,,,,,,,,,,
,,,,,,,,,,,,,
,,,,,,,,,,,,,
,,,,,,,,,,,,,
,,,,,,,,,,,,,
,,,,,,,,,,,,,
,,,,,,,,,,,,,
,,,,,,,,,,,,,
,,,,,,,,,,,,,
,,,,,,,,,,,,,
,,,,,,,,,,,,,
,,,,,,,,,,,,,
,,,,,,,,,,,,,
,,,,,,,,,,,,,
,,,,,,,,,,,,,
,,,,,,,,,,,,,
,,,,,,,,,,,,,
,,,,,,,,,,,,,
,,,,,,,,,,,,,
,,,,,,,,,,,,,
,,,,,,,,,,,,,
,,,,,,,,,,,,,
,,,,,,,,,,,,,
,,,,,,,,,,,,,
,,,,,,,,,,,,,
,,,,,,,,,,,,,
,,,,,,,,,,,,,
,,,,,,,,,,,,,
,,,,,,,,,,,,,
,,,,,,,,,,,,,
,,,,,,,,,,,,,
,,,,,,,,,,,,,
,,,,,,,,,,,,,
,,,,,,,,,,,,,
,,,,,,,,,,,,,
,,,,,,,,,,,,,
,,,,,,,,,,,,,
,,,,,,,,,,,,,
,,,,,,,,,,,,,
,,,,,,,,,,,,,
,,,,,,,,,,,,,
,,,,,,,,,,,,,
,,,,,,,,,,,,,
,,,,,,,,,,,,,
,,,,,,,,,,,,,
,,,,,,,,,,,,,
,,,,,,,,,,,,,
,,,,,,,,,,,,,
,,,,,,,,,,,,,
,,,,,,,,,,,,,
,,,,,,,,,,,,,
,,,,,,,,,,,,,
,,,,,,,,,,,,,
,,,,,,,,,,,,,
,,,,,,,,,,,,,
,,,,,,,,,,,,,
,,,,,,,,,,,,,
,,,,,,,,,,,,,
,,,,,,,,,,,,,
,,,,,,,,,,,,,
,,,,,,,,,,,,,
,,,,,,,,,,,,,
,,,,,,,,,,,,,
,,,,,,,,,,,,,
,,,,,,,,,,,,,
,,,,,,,,,,,,,
,,,,,,,,,,,,,
,,,,,,,,,,,,,
,,,,,,,,,,,,,
,,,,,,,,,,,,,
,,,,,,,,,,,,,
,,,,,,,,,,,,,
,,,,,,,,,,,,,
,,,,,,,,,,,,,
,,,,,,,,,,,,,
,,,,,,,,,,,,,
,,,,,,,,,,,,,
,,,,,,,,,,,,,
,,,,,,,,,,,,,
,,,,,,,,,,,,,
,,,,,,,,,,,,,
,,,,,,,,,,,,,
,,,,,,,,,,,,,
,,,,,,,,,,,,,
,,,,,,,,,,,,,
,,,,,,,,,,,,,
,,,,,,,,,,,,,
,,,,,,,,,,,,,
,,,,,,,,,,,,,
,,,,,,,,,,,,,
,,,,,,,,,,,,,
,,,,,,,,,,,,,
,,,,,,,,,,,,,
,,,,,,,,,,,,,
,,,,,,,,,,,,,
,,,,,,,,,,,,,
,,,,,,,,,,,,,
,,,,,,,,,,,,,
,,,,,,,,,,,,,
,,,,,,,,,,,,,
,,,,,,,,,,,,,
,,,,,,,,,,,,,
,,,,,,,,,,,,,
,,,,,,,,,,,,,
,,,,,,,,,,,,,
,,,,,,,,,,,,,
,,,,,,,,,,,,,
,,,,,,,,,,,,,
,,,,,,,,,,,,,
,,,,,,,,,,,,,
,,,,,,,,,,,,,
,,,,,,,,,,,,,
,,,,,,,,,,,,,
,,,,,,,,,,,,,
,,,,,,,,,,,,,
,,,,,,,,,,,,,
,,,,,,,,,,,,,
,,,,,,,,,,,,,
,,,,,,,,,,,,,
,,,,,,,,,,,,,
,,,,,,,,,,,,,
,,,,,,,,,,,,,
,,,,,,,,,,,,,
,,,,,,,,,,,,,
,,,,,,,,,,,,,
,,,,,,,,,,,,,
,,,,,,,,,,,,,
,,,,,,,,,,,,,
,,,,,,,,,,,,,
,,,,,,,,,,,,,
,,,,,,,,,,,,,
,,,,,,,,,,,,,
,,,,,,,,,,,,,
,,,,,,,,,,,,,
,,,,,,,,,,,,,
,,,,,,,,,,,,,
,,,,,,,,,,,,,
,,,,,,,,,,,,,
,,,,,,,,,,,,,
,,,,,,,,,,,,,
,,,,,,,,,,,,,
,,,,,,,,,,,,,
,,,,,,,,,,,,,
,,,,,,,,,,,,,
,,,,,,,,,,,,,
,,,,,,,,,,,,,
,,,,,,,,,,,,,
,,,,,,,,,,,,,
,,,,,,,,,,,,,
,,,,,,,,,,,,,
,,,,,,,,,,,,,
,,,,,,,,,,,,,
,,,,,,,,,,,,,
,,,,,,,,,,,,,
,,,,,,,,,,,,,
,,,,,,,,,,,,,
,,,,,,,,,,,,,
,,,,,,,,,,,,,
,,,,,,,,,,,,,
,,,,,,,,,,,,,
,,,,,,,,,,,,,
,,,,,,,,,,,,,
,,,,,,,,,,,,,
,,,,,,,,,,,,,
,,,,,,,,,,,,,
,,,,,,,,,,,,,
,,,,,,,,,,,,,
,,,,,,,,,,,,,
,,,,,,,,,,,,,
,,,,,,,,,,,,,
,,,,,,,,,,,,,
,,,,,,,,,,,,,
,,,,,,,,,,,,,
,,,,,,,,,,,,,
,,,,,,,,,,,,,
,,,,,,,,,,,,,
,,,,,,,,,,,,,
,,,,,,,,,,,,,
,,,,,,,,,,,,,
,,,,,,,,,,,,,
,,,,,,,,,,,,,
,,,,,,,,,,,,,
,,,,,,,,,,,,,
,,,,,,,,,,,,,
,,,,,,,,,,,,,
,,,,,,,,,,,,,
,,,,,,,,,,,,,
,,,,,,,,,,,,,
,,,,,,,,,,,,,
,,,,,,,,,,,,,
,,,,,,,,,,,,,
,,,,,,,,,,,,,
,,,,,,,,,,,,,
,,,,,,,,,,,,,
,,,,,,,,,,,,,
,,,,,,,,,,,,,
,,,,,,,,,,,,,
,,,,,,,,,,,,,
,,,,,,,,,,,,,
,,,,,,,,,,,,,
,,,,,,,,,,,,,
,,,,,,,,,,,,,
,,,,,,,,,,,,,Тараз